,calificacion,comentarios,Clasificacion
0,6,pesimo servicio en la agencia,
1,9,nos tardaron mas de 1 hora en recibir y no nos decian nada hasta que tuve que preguntar a la oficial,
2,8,hace falta mas comunicacion con los asesores no contestan hasta 1_2 dias despues no contestan llamadas,
3,8,no lo quisieron recibir,
4,6,el asesor que me toco muy mala atencion la verdad y el trabajo que me hicieron en mi carro muy mal,
5,8,"la recepcion del vehiculo bien, puntualidad en recepcion y entrega. lo unico que me gustaria consideraran es no dejar la basura de los empaques de las refacciones que se cambiaron, me las dejaron al interior de mi vehiculo sobre el asiento de copiloto , por otro lado , siento que me entregaron muy rapido y me dijeron que ya me podia retirar y habia un auto frente a mi por lo cual no podia salir y no habia nadie que estuviera al pendiente. simplemente me entregaron el vehiculo y se olvidaron de mi. hasta que alguien vio que necesitaba salir y me ayudaron a mover el coche.",
6,6,"existe una situacion complicada, ya que me entregaron mi camioneta, con una pantalla rota y danada",
7,8,"la misma aplicacion me cambio la fecha que habia programado, por eso, di esa calificacion hice una cita por internet, me llamaron para decirme que la pagina estaba mal, me cambiaron la cita, di una fecha que fue el 7 de enero para llevar el vehiculo y despues me llegaron mensajes de que mi cita estaba agendada para el 6",
8,6,pedi que se cambiara el filtro de cabina y los wipers y no se hizo y no hubo contacto ni nada con el asesor,
9,6,"el servicio estuvo deficiente y no se hizo al 100% siendo que lo pague completo, la atencion pesima e incluso me sugirieron el cambio de algunas cosas mismas que acepte que se las cambiaran pese a que me dijeron que me enviarian la cotizacion el mismo dia que entro la unidad y si no es porque se los pedi al dia siguiente nuevamente no me lo envian, me envian una cotizacion de otra unidad, les notifico y me envian por fin la de mi unidad",
10,10,muy bien,
11,6,"por este medio pongo mi queja que lleve mi camioneta a servicio no me dieron la horientacion adecuada y a su vez me estoy dando cuenta el dia de hoy que cambiaron mis limpiadores que los habia cambiado en el mes de noviembre y me pusieron unos rotos del hule y del cuerpo de la pluma, los invito a que supervisen para que esto lo pase por que la mala imagen se queda para la empresa. pd ojala no me hayan cambiado otras cosas",
12,6,unidad se entrego sucia,
13,6,"el servicio pesimo, atencion nefasta",
14,6,no me han resuelto mi problema,
15,8,muy probable pero carisimo,
16,6,"se tardan mucho para recibir y entregar a pesar de hacer cita, y par la entrega de la factura es muy burocratico su proceso",
17,8,"manifiesto que no tienen personal para atender oportunamente la demanda de servicios. no realizan valoraciones (escaneos) a las unidades, pese a las observaciones que se les hacen al present",
18,8,el carro se entrego hora y media despues de lo pactado.,
19,6,"me regresaron el coche con unas gotitas de pintura blanca alrededor de toda mi unidad üò∞, me dijeron que me contactarian para darle seguimiento al caso y la pudiera llevar para que las quiten. fue el unico inconveniente que hubo, fuera de ahi, todo muy bien. üòä",
20,10,excelente muchas gracias,
21,8,para empezar aun no tengo los archivos de la factura del servicio,
22,6,reporto la guantera rota,
23,8,"por que cuando he llevado el vehiculo no me dicen bien que es y exageran los precios e incluso los problemas que se presentan, ademas de que no dan facilidades para ingreso y egreso de los servicios",
24,8,"muy buenas tardes. el motivo es muy sencillo, por favor preguntele al jefe de servicio los porques? el ya envio un correo electronico solicitando apoyo para resolver dos pendientes de la captiva que llevamos a servicio. es importante senalar que soy su cliente desde hace mas de 10 anos. mi esposa con sus dos aveos 2014 y 2022. mi hijo con su captiva 2023. seguimos en contacto.",
25,6,"nada probable que recomiende la agencia, ni el vehiculo",
26,8,aun esta en el distribuidor,
27,10,todo muy bien,
28,8,la atencion en general es buena pero hay puntos que fallan y empanan todo lo demas,
29,8,no le quisieron hacer el servicio que solicito y solicito su factura y no le contestan enviarla al correo diazl@gta-mex.com,
30,10,todo estuvo perfecto,
31,10,sensor diagnostico de suspencion fu muy tardado solo califica a la asesora,
32,6,la unidad sigue en reparacion,
33,8,"es un pequeno detalle, que por aplicacion me informaron que mi coche ya estaba listo y fui a la agencia y al llegar me dicen que aun no esta, . que no esta sincronizada la aplicacion con la realidad del servicio. en todo caso por favor sincronicen el informe para que no vaya uno en vano",
34,8,"seria muy probablemente porque sus precios son altos, y tardados",
35,8,actitud con su personal y sus asesores,
36,8,numero que califica es equivocado,
37,6,hizo falta cambio que traia en el porta vasos,
38,6,tiempo de espera.atencion al cliente consultor no proporciona informacion servicio de entrega carro sucio cuando se paga lavado premium,
39,8,no dije que no lo haria.,
40,6,0 no lo recomendaria,
41,6,"porque su servicio es muy malo, mi coche estuvo mas de tres meses y el seguimiento fue pesimo",
42,6,"no cumplen con las fechas de entrega, no hay seguimiento de las reparaciones de los asesores, me dejaron mal mi vehiculo y todavia me cobraron por arreglar lo que no repararon, en general muy mala experiencia",
43,10,"todo el personal tiene 10 de calificacion, estan comprometidos con la satisfaccion del cliente. felicidades",
44,6,mala atencion en el depto. de recepcionista de servicio,
45,10,"fui atendido por eduardo como asesor, me mantuvieron enterado en todo momento de mi unidad. me hizo saber de las posibles reparaciones adicionales que reportaban enterado la revision de los 25 puntos de seguridad. me aviso muy oportunamente cuando estaba listo mi vehiculo para poder acudir a recogerlo. me explico los trabajos realizados y me hizo entrega satisfactoria. gracias eduardo üëçüèª",
46,6,mi camioneta prresenta una falla y 2 veces la he llevado a garantia y no se resuleve le problema,
47,6,la unidad no estaba lavada,
48,10,eduardo caloca super atento y quede muy satisfecha,
49,8,le entrengaron su unidad sucia,
50,10,"quiero felicitar a las personas que hicieron el diagnostico a mi camioneta, pues fueron muy precisos y ahora mi camioneta esta al 100.",
51,6,"puntualidad es los tiempos de atencion y de entrega, aclarar los horarios de recepcion y entrada dejarlos bien claros a verificar que su cliente los entienda correctamente, verificar los trabajos realizados",
52,6,le entregaron en viernes su unidad y el sabado se le prendio el check,
53,10,todo bien,
54,10,"fue buena experiencia,excelente atencion",
55,10,todo excelente,
56,10,excelente servicio,
57,8,"bien por el momento, solo dar citas concretas no estar reagendando",
58,10,todo bien con amabilidad,
59,10,"buena atencion, excelente trato",
60,6,muy tardada la entrega.,
61,10,solo tiempo de entrega,
62,10,"la atencion por atencion a clientes fue buena, por parte de mi asesor nunca tuve comunicacion continua",
63,10,la comunicacion telefonica via conmutador.,
64,9,tener mas coordinacion en las fechas citas,
65,10,todo igual,
66,10,todo estuvo bien,
67,9,tratar de incluir en el servicio la revision de adicionales mencionados al ingreso de unidad,
68,10,siempre nos atienden bien,
69,9,atencion mas rapida,
70,10,excelente atencion,
71,10,"todo bien, excelente",
72,10,"todo muy bien ,el trato y atencion",
73,4,"falta de orientacion hacia el mantenimiento requerido,asi como perdida de tiempo ya que no le realizaron lo solicitado sobre los inyectores",
74,0,"todo hay que cambiar hasta el gerente, falta de comunicacion e nformacion",
75,9,hacer valida la garantia cuando es necesaria,
76,10,todo muy bien todo cordial el servicio,
77,9,todo bien por el momento,
78,10,todo mu bien,
79,9,deben entregar las unidades mas rapido,
80,10,en general estuvo bien la visita,
81,10,puntualidad y buena atencion,
82,8,buena atencion,
83,10,satisfactrio,
84,10,trabajo realizado,
85,9,seria bueno que la comunion el cliente fuera mas directa para aclarar duda,
86,10,muy rapido la atencion y amables,
87,10,muy buena atencion y servicio,
88,10,el asesor siempre me atiende de maravilla,
89,10,muy buena atencion y asesoria,
90,10,"todo bien,solo la disponibilidad de citas",
91,10,la atencion es excelente,
92,10,trabajo realizado a la perfeccion,
93,9,la amabilidad y calidad en el servicio,
94,10,el excelente servicio y atencion,
95,10,todo fue en tiempo y forma,
96,10,recomendacion al personal excelente.,
97,10,todo super bien,
98,10,servicio de excelencia,
99,9,tiempo de entrega,
100,10,"ni ganas,todo esta en orden",
101,10,buena la atencion y felicidades por el servicio,
102,10,todo muy bien buena atencion,
103,10,checar la aplicacion donde informan que la unidad ya esta lista cuando aun no esta terminada en servicio,
104,10,excelente,
105,9,que desde un principio desglozemos la informacion sobre el servicio,
106,10,excelente todo,
107,8,son muy altos los costos,
108,10,todo estuvo excelente,
109,9,ser puntuales en recepcion de unidad,
110,10,los servicios son rapidos y de calidad,
111,4,entiendo de entreg,
112,8,"el servicio esta bien ,los costos muy caros",
113,10,el lavado le falta,
114,8,muy buena,
115,10,ser mas puntuales,
116,5,no le gusto el servicio,
117,10,muy atento el asesor fernando,
118,10,son amables y siempre me han tratado bien,
119,8,tener mas atencion con el cliente al recibir unidad y brindar informacion del servicio,
120,10,todo excelente solo mejorar tiempos de entrega,
121,8,esta vez estuvo bien,
122,10,siempre me han atendido muy bien,
123,8,tiempos de entrega,
124,10,todo bien msolo llamar a tiempo para los servicios,
125,10,el servicio es puntual y amable,
126,1,unudadmingresa con danos desde servicios pasados y no detectaron nada ahora que se termina garantia le encuentran la falla,
127,10,muy buena atencion,
128,6,"mi asesor no me dio seguimiento ni me informo de cuando estaria lista mi unidad, a la entrega esta muy sucia y pague lavado premium.",
129,8,los procesos en tema de refacciones tardan mucho,
130,10,puntualidad y el tratovon los clientes,
131,8,"la atencion de quien me entrego la unidad estuvo bien, pero deberian tener una planta cuando no tengan luz,espere mucho tiempo para mi entrega y la limpieza no estuvo muy bien",
132,10,muy buen servicio siempre nos dan,
133,10,hasta el momento todo esta bien,
134,10,atencion a clientes,
135,10,no poner tantas trabas cuando llamamos para pedir con el asesor,
136,10,los precio accesibles,
137,10,siempre excelente,
138,10,buen trato al cliente,
139,10,todo esta bien,
140,9,no estuvo mi asesor y me atendio otra persona y no me dio horario de entrega,
141,9,volver a realizar los servicios mas rapidos,
142,9,todo esta muy bien,
143,10,ojala los tiempos fueran mas agiles son buenos pero en el sentido servicio so es rapido,
144,10,todo bien con el servicio,
145,10,el buen trato a los clientes,
146,10,mantener la buena atencion al cliente,
147,10,excelente servicio por parte del personal,
148,10,buen servicio y atencion,
149,6,la atencion muy buena,
150,10,todo correcto en la entrega,
151,10,mantener los buenos servicios realizados al coche,
152,10,muy buen servicio,
153,10,muy satisfecho con su servicio,
154,10,nada todo esta perfectamente,
155,10,"poner mas atencion en las peticiones del cliente,pedi que me acomodaran la goma del parabrisas y no lo realizaron.",
156,10,buena atencion de los consultores,
157,10,todo muy bueno,
158,10,agilizar entrega,
159,10,amabilidad,
160,10,continuar con la atencion recibida,
161,9,mejorar los tiempos de entrega,
162,10,bajar precios,
163,10,"muy bien, la atencion por la srta monserrat gutierrez fue excelente. gracias",
164,10,todo muy bieb,
165,10,"excelente servicio, todo muy bien",
166,10,puntualidad con el servicio,
167,10,seguir innovando el servicio esecelente,
168,6,"vi un golpe que yo recuerdo no traerlo,y en sus fotos no se nota muy bien",
169,10,siempre son muy amables.,
170,10,mantener buen servicio,
171,10,buena atencion para los clientes,
172,10,buen seguimiento de las unidades,
173,10,excelente servicio de todo el personal,
174,8,bien,
175,5,pesimo servicio de limpieza y la notificacion de que la unidad ya estaba lista y al llegar me indicaron que aun no,
176,7,mostrar el aceite que retiraron,
177,9,explicar mejor los adicionales y sus alcances,
178,10,"la atencion de algunos trabajadores que es buena, de otros no tanto",
179,10,fue muy atenta y rapido,
180,10,buen dia,
181,10,todo perfecto,
182,10,buen trabajo,
183,10,perfecto todo,
184,10,mas contacto,
185,10,todo en orden,
186,10,amabilidad y puntualidad excelentes,
187,10,eficiencia,
188,10,"todo muy bien,solo el tiempo del servicio",
189,6,"primero problema de facturacionsegundo, no se para que el asesor tiene celular, si nunca contesta y tercero, siendo un cliente muy frecuente y leal a chevrolet, surman, no me den prioridad en una cosa tan sencilla",
190,6,porque no me deja 0,
191,8,los costos muy elevados,
192,6,me robaron la tarjeta de gasolina el auto mal lavado entregaron un dia despues y previqmente ya habian confirmado la entrega el dia antes,
193,8,puse 9,
194,8,"solo quiero mencionar que la actitud del cajero fue prepotente, su comunicacion no verbal, es decir de gesto fue de mal gusto, y en mi opinion deberia ser mas servicial",
195,6,x que ahora que mande mi camioneta me la entregaron con un rayon,
196,6,hable con su agente de servicio al clientes,
197,6,no recomiendo es mala,
198,8,"si, si los recomendaria. no entiendo xq esta pregunta. hicieron un buen trabajo, grs",
199,8,le brindaron precios diferentes por llamada y con su consultora,
200,8,le pedi al asesor que si podrian revisar un ruido en la suspension al momento de dejar el vehiculo en el servicio al momento de entregarme el vehiculo le pregunte al respecto y simplemente me dijo que no habian revisado nada porque no les dio tiempo que si queria el servicio tenia que dejarlo un dia mas,
201,6,ingreso a cambio de frenos y siguen rechinando,
202,8,quedaron de mandar via whatsapp o correo electronico el resultado de servicio y aun no lo recibo,
203,8,tener costos mas competitivos,
204,6,en resolver loas peticiones de la siguiente orden de servicio.,
205,8,el tiempo de respuesta para un diagnostico es muy lento de 2 a 3 habiles,
206,6,conteste la encuesta y las razones en la agencia,
207,8,quedaron de valuar mi cochenunca lo hicieron.,
208,6,solicito una revision y no la hicieron,
209,6,el lavado que ustedes le dicen premium es como el que hace el lava coches del mercado de 100 pesos,
210,6,mala atencion y mal servicio,
211,8,no depende de ustedes pero tienen una agenda demasiado saturada y se complica agendar citas,
212,8,sus precios,
213,8,actualizaciones del progreso,
214,6,lleve mi camioneta a servicio y una reparacion de los chisgueteres y no quedaron y ahora no me contestan,
215,6,"me buscaron mas de 10 veces para confirmar mi cita por varios medios y cuando llegue no la tenian agendada. a varios clientes nos paso lo mismo ese dia. eso no fue lo peor. me citaron a las 12:30 para entrega de unidad y me la entregaron hasta las 14h. pedi una valoracion para cambio de un faro y no me la entregaron, pedi una valuacion del equipo de ventas y no la hicieron.",
216,8,"pues si un 9 porque mis visitas anteriores fueron de 4, ha mejorado la atencion que recibo solo me falto una encerada de cortesia que me habian prometido, pero ps estuvo mejor esta vuelta",
217,10,muy buena atencion por parte del asesor eduardo... no recuerdo su apellido... joven delgado... muy amable y explicando bien cada paso,
218,6,muy mala experiencia,
219,8,lo anterior porque sustrajeron un conector de un cargador de celular del vehiculo.,
220,8,lavada de unidad,
221,6,el servicio y la atencion,
222,6,no me han entrado mi auto despues de 2 meses,
223,6,la luz de la bolsa de aire ya se volvio a prender. tuvieron mi auto una semana. y no resolvieron el problema,
224,6,"dudo mucho pero mucho que le hayan cambiado el aceite/le toco cambio de aceite de motor y me mostraron como estaba el aceite antes y despues del servicio, y el aceite esta igual de obscuro, cuando el aceite deberia de ser transparente",
225,8,que se pueda hacer mas rapido el pago,
226,8,aun no me envian mi factura,
227,6,ser claros y no contradecirse en la asesoria de reparaciones,
228,2,tiempo de entrega muy tardado,
229,10,"todo bien,solo la caja al cobrar que sea mas rapida",
230,10,perfecta y exacta,
231,10,todo bien y en orden,
232,10,buena atencion por parte de yazareth,
233,10,excelente servicio y atencion,
234,9,que e cajero sea mas amable donde se paga el servicio,
235,10,atentos y amables,
236,5,la unidad salio con un tallon,
237,10,"ninguna,todo bien",
238,10,"todo bien,solo contestar mensajes para recoger unidad",
239,10,todo estuvo muy bien,
240,6,no me gusto la estetica realizada,
241,10,estuvo excelente todo,
242,10,fue excelente,
243,10,no pude costal asesor tuve que venir personalmente,
244,10,todo perfecto y muy buena atencion,
245,9,solo tener mas atencion al cliente,
246,10,"todo fue facil,no tan rapido pero bien",
247,10,"falta de informacion de los adicionales,en el area de caja el personal es muy despota.",
248,10,todo bien atentos,
249,9,esta bien,
250,10,"super atencion por parte de yazareth,",
251,10,solo la atencion por clientes por llamada mejorarla,
252,10,buena actitud,
253,9,"un poco mas de comunicacion por el asesor,la atencion de monserrat gutierrez muy buena. gracias",
254,9,muy caros los precios del servicio y muy barato el costo de seminuevos,
255,10,fueron atentos y rapido el servicio,
256,6,no me solucionaron mi tema de la pintura,
257,10,todo bien todo perfecto,
258,8,"la primera persona que nos atendio tendria que a ver terminado la atencion no otra persona, ya que la informacion no fue correcta y los costos cuidarlos no dar diferentes",
259,6,"el servicio muy bien,pero el dano en mi unidad muy mal",
260,9,bastante bien,
261,10,todo muy bien claros y buen servicio,
262,10,byena atencion,
263,10,el tiempo de recepcion sea mas rapido,
264,10,servicio y atencion a cliente,
265,6,tener mas atencion con el cliente y claridad de la informacion.,
266,9,"todo muy bien con el servicio,pero el sistema es muy lento",
267,8,desde el servicio pasado no me entregaron mis tapetes de mi unidad,
268,10,muy bien la atencion y muy profesional mi asesora yazareth cruz,
269,8,"la atencion todo bien, solo la comunicacion con el area de cita",
270,10,todo bien excelente servicio,
271,10,too ok,
272,9,demasiadas llamadas y mensajes para confirmar la cita,
273,10,buen trato y tiempo de entrega,
274,9,los presupuestos son muy lentos,
275,10,"todo muy bien,solo que tuve que pagar un servicio que me habian indicado que era gratuito.",
276,9,"todo bien , gracias",
277,10,"mejorar nada,esta excelente",
278,10,muy atentos,
279,10,"buen servicio de mi asesora yazareth,",
280,7,"la atencion bien,solo la informacion de los multipuntos ser mas claros y con mas tacto",
281,8,contestar las llamadas a opcion de servicio,
282,10,servicios excelente,
283,8,"el cajero ser mas empatico,ya que se molesto por que me cobro y ya queria retirarse comentarios que me son propios enfrente del cliente",
284,8,el tiempo de entregar hacerlo mas rapido,
285,0,pues en general la atencion al cliente es super importante estoy en insatisfecho,
286,9,se tardo mucho la unidad en taller,
287,5,"el asesor coyotzin no atendia mis llamadas y mensajes, el numero telefonico que tienen de atencion nunca contestan. para resolver el problema tuve q venir personalmente varias veces",
288,7,mas eficacia en el servicio,
289,7,tener mas comunicacion con el asesor y que las lineas funcionen,
290,10,excelente atencion y tiempo en forma,
291,8,seguimiento,
292,10,la misma calidad en el servicio,
293,7,"la unidad sigue con la misma falla, mi asesora le falta atencion al responder mensajes, tener mas stocks en almacen para no quedar sin el servicio a medias",
294,10,ningun comentario,
295,9,seguir igual con el mismo compromiso,
296,10,un poco mas agiles con las garantiasm,
297,9,bien solo el tiempo de entrega,
298,9,entregar a tiempo,
299,0,el servicio es terrible y mediocre. el personal no tiene total conocimiento de los servicios,
300,10,super rapido todo,
301,10,perfecta excelente mi asesora,
302,9,fue buena la atencion pero no contesta los telefonos para hacer cita y para poder pedir informes de mi unidad,
303,7,"la caja ,el personal muy despota, el servicio muy bien",
304,9,solo el tiempo de entrega y de espera,
305,10,muy bien mi asesor jesus,
306,10,estuvo muy bien la atencion,
307,8,me atendieron en tiempo y forma muy amable mi asesor.,
308,10,"la atencion muy bien, solo se tardan en recibir la unidad",
309,10,excelente trato y puntualidad,
310,0,"no con el servicio con la marca por ello ,mi calificacion",
311,8,"la atencion se los asesores,ser mas clara y precisa para no quedar con duda",
312,8,atiendan clavos en llantas identificados en servicios con el costo correspondiente,
313,0,"el servicio de citas de la pagina no funciona, al llegar no hay control y a la salida tampoco.",
314,10,todo bien sin inconvenientes,
315,10,siempre han atendido muy bien pero los costos ya son muy caros,
316,8,el tiempo de entrega,
317,8,tiempos de respuesta,
318,10,amabilidad y profesionalismo en su trabajo,
319,8,entregaron mi unidad com un rayon,
320,9,"ninguna, todo bien",
321,10,la atencion,
322,9,"tuve dos inconveniente con la cita, ya que me reagendaron muchas veces algo que me es inconmido",
323,10,han estado satisfechos con el servicio,
324,10,"me hicieron llegar un presupuesto de unas refacciones y anteriormente fue otro costo,informacion confusa y molestia por no repararse la falla",
325,8,"servicios, mejorar lavado",
326,8,falta de comunicacion com mi asesor,
327,10,"solo la aplicacion que indica que ya esta la unidad y al llegar no esta mi asesor, pero el servicio bien, por favor no me manden mensajes",
328,1,el lavado muy mal,
329,10,todo bien con fernando,
330,10,bien todo,
331,10,todo a tiempo y presiso,
332,6,"la falta de comunicacion con mi asesor, la atencion presencial muy buena",
333,10,espectacular,
334,8,el asesor muy amable,
335,8,la caja es muy lenta,
336,10,siempre buena atencion,
337,10,siempre son muy honesto por eso siempre traigo aqui mis carros,
338,8,falta de atencion en tiempo de entrega,
339,9,la tardanza para poder entregar,
340,10,estoy muy satisfecho la experiencia es muy buena la marca me ha resultado excelente ya que antes preferiria otra la mas reciente fue nissan,
341,6,"demasiada vuelta para expedir un pago y factura, tiempo de entrega del vehiculo despues del servicio mas de 30 min, cada servicio es lo mismo, no entregan la factura, y los servicios muy elevados en comparacion con otras agencias",
342,10,los recomiendo,
343,8,"me entregaron mi vehiculo con manchas de pegamento en 3 cristales , como si hubieran pegado hojas , tener cuidado con esos detalles",
344,10,todo muy bien muy buena atencion y si los recomendaria y como comentario donde yo trabajaba ahi llevavamos los vehiculos desde hace 15 anos y todo excelente servicio,
345,8,"muy buena atencion en general, los costos por cambio de balatas fueron muy elevados en comparacion con el mercado.",
346,8,"al momento de entrgar la camioneta comente que por favor checaran los chispeadores del agua delanteros y cuando me hicieron la entrega no lo habian revisado, la persona debe anotar lo requerido, la persona que me la entrego fue muy amable e hicieron la revision y los correctivos",
347,6,me lo entregaron sin el tapon del deposito del agua de los limpiadores,
348,6,precios,
349,8,"no le notificaron adicionales y le llego un mensaje de la aplicacion en donde mencionaba que no habia autorizado, correo incorrecto",
350,10,lo unico malo de este dia que fui al servicio de mi vehiculo fue la mala atencion a la hora de la entrega me dejo solo el asesor y le prestaba mas atencion a su amigo hasta perfumes le regalo y a mi me dejo solo y ni se despidio de mi fue una descortesia de su parte,
351,8,4cm/ solo califica sin comentarios,
352,6,el ajustador o kien me atendio no contesta lo k se me indica lo k kieren saber mis jefes el cono tuve k regresar como la ves pasada no se lo kitan y la verdad no hubo mantenimiento como tal motor todo polveado solo una limpiada por fuera muy mal servicio,
353,6,1 el tiempo 2 inexistencia de diagnostico y pruebas,
354,6,los precios son muy altos,
355,8,"nada, sigan igual",
356,6,me entregaron mi coche y se descompuso a la hora porque se safo una manguera,
357,10,"los recomiendo totalmente 10 de calificacion, personal muy comprometido. saludos",
358,8,"oy clienta de mucho anos y la atencion en el area de servicios no es como acostumbra surman anzures, mas atencion en el seguimiento de informacion del estado de los vehiculos que se dejan para los diferentes servicios, gracias por tomarme en cuenta",
359,6,"les hace falta mas atencion al cliente y son de poco confiar al no demostrar las piezas que son cambiadas en los servicios, minimo deberian de tomar fotos antes y despues de cada servicio o un video en el proceso del mismo",
360,8,"manejar los horarios, a mi me citaron a una hora y me atendieron despues en mi primera cita",
361,6,el servicio que lleve el auto era cambio de aceite y filtro asi como la revision de 15 puntos del auto no es posible que se lleve al servicio y no te entreguen como esta el carro y solo el asesor te diga esta bien la pregunta es bien de que y solo hasta que yo pregunto me diga a si la bateria ya se debe cambiar solo comentarios nada por escrito y la actitud del asesor al ser cuestionado respondiendo mal uno busca soluciones,
362,6,"no recibi el trato de cliente desde el inicio senalando que veniamos de otro lado, me hicieron esperar 1 hr para recibir mi vehiculo hasta que hable a atencion a clientes, en 2 minutos hicieron lo que en 1 hr no, el diagnostico que me entregaron no sirvio de nada ya que no me explicaron que tenia mi vehiculo el diagnostico nunca lo compartieron conmigo solo me dijeron que era combustible de mala calidad , el auto me lo entregaron funcionando y me obligaron ya sabiendo que encendia a llevar una grua para que pagara obviamente un servicio que no ocupaba o no era necesario, la camioneta volvio a presentar la misma falla ahora en pachuca hidalgo, la encargada del servicio se molesto porque marque a servicio a clientes pesima para dar la cara al cliente poco profesionales, nada de explicacion de la falla del vehiculo pague 3 mil pesos por un diagnostico que no supieron explicarme.",
363,9,que a la hora que me ha en mi cita ya se encuentre el asesor. y no tener que esperarlo,
364,10,la atencion y amabilidad,
365,10,"todo muy bien ,con la puntualidad",
366,10,me parece muy bueno el servicio,
367,10,todo de maravilla muy atentos todos,
368,2,pesima comunicacion para mandar cotizaciones,
369,1,"se tardaron mucho con mi pieza,la atencion es bueno solo eso",
370,9,el tiempo de entrega hacerlo mas corto,
371,10,estuvo excelente,
372,10,excelente atencion de todos,
373,6,la atencion al cliente en general,
374,10,he estado muy satisfecho con la unidad y atencion,
375,9,estuvo excelente la atencion,
376,10,"no,ninguna",
377,2,"que contesten llamadas,correos,brindar informacion de mi unidad",
378,5,"con yaz todo muy bien, solo necesitamos probar la unidad.",
379,9,tiempo de diagnostico,
380,9,todos muy amables,
381,10,solo tener mas contacto con el cliente para seguimiento,
382,10,una super atencion y todo a tiempo,
383,10,muy bien fue rapido,
384,10,todo bien buena comunicacion,
385,10,todo bien y excelente atencion.,
386,10,muy amables todos,
387,4,que si el carro aun no tiene el kilometraje de 10000 no se le haga servicio,
388,10,la calidad y calidez del del servicio,
389,8,solo los tiempos no se respetan mucho,
390,9,cuando pongan el tratamiento de lavado premiun no poner tango para no mancharse,
391,10,seguir dando un buen servicio,
392,9,"con respecto al personal todo excelente,me asesor bien",
393,10,muy buena la atencion por parte de todos,
394,10,todo muy bien excelente,
395,8,los horarios de entrega,
396,9,bien solo que en caja nos tardamos un poco,
397,6,mejorar los tiempos en refacciones,
398,7,se tardaron una semana en diagnosticar y traer bateria,
399,10,angel es perfecto,
400,9,ser puntuales con sus citas,
401,9,el tiempo de entrega en recepcion,
402,10,niinguna,
403,9,"solo las refacciones se tardaron mucho ,tener mas surtido en refacciones",
404,10,desde la llegada todo excelente,
405,10,me atendieron bien,
406,10,que pongan estacionamiento para clientes,
407,9,todo bien en tiempo y forma,
408,10,que conteste el celular el asesor,
409,7,los mensajes con mi asesor no se contestaron.,
410,8,"si la atencion,falta mucha atencion ya que no todos son muy serviciales y el tiempo de entrega que sea puntual",
411,10,solo que contesten las llamadas,
412,9,tiempo de espera,
413,10,solo la disponibilidad de piezas y cuidar mas el lavado ya que rajaron un poco el carro con yazareth todo muy bien,
414,9,ha sido bastante bueno,
415,10,"no,todo estuvo bien",
416,9,la caja es muy tardada del resto todo perfecto a,
417,10,solo tiempo de espera,
418,10,la buena atencion,
419,6,mas atencion en los pequenos detalles que pasan y de la unidad en servicio,
420,10,el costo del servicio bajarlos,
421,10,la atencion siempre es muy buena,
422,10,estuvo bien,
423,10,no veo problemas,
424,10,todo bien muy amables,
425,10,"todo muy bien,excelente servicio y atencion de yazareth muy amable",
426,10,esta bien el servicio muy eficiente,
427,9,"todo bien,solo el tiempo de entrega muy tardado",
428,5,"no me dieron retro de mi unidad,no me contestaba mi asesora por llamada ni por mensaje",
429,10,"todo bien con fernando ,solo las piezas caras",
430,10,todo estuvo muy bien.,
431,9,ser mas rapida la entrega,
432,9,estuvo bien el asesor,
433,10,todo muy bien felicidades,
434,10,"todo muy bien,no quiso proporcionar correo ni numero celular",
435,10,solo el tiempo de entrega ser mas rapido,
436,10,estuvo muy bien,
437,10,muy agil y amable mi asesor,
438,10,muy adecuada la atencion del asesor muy atento.,
439,10,bien la atencion,
440,10,"no me agrado la atencion de mi asesor,desde que llegue ya que me atendieron 10 min mas tarde de mi cita,llegue y me ignoro ateniendo a otro cliente que llego despues de mi",
441,10,muy buena atencion del asesor y quedo muy bien mi unidad,
442,2,"fue muy dificil contactar con mi asesor,mucho tiempo no fue grata la experiencia.",
443,5,la tardanza para recibir y entregar,
444,10,"todo estuvo muy bien,solo para hacer la cita por whatsapp se tardaron un poco",
445,10,fue buena,
446,10,hice poco tiempo para la recepcion y entrega de mi unidad muy bien,
447,8,no me dieron solucion a mi tema de consumo de gasolina,
448,8,no me responden mis llamadas y la unidad que me entregaron estaba sucias,
449,9,"con mi asesor fernando excelente,solo no me gusto que me dejaran en visto al indicarme que tenia cita tuve que volver a llamar para hacerla.",
450,8,que laven bien los vehiculos,
451,10,muy rapido con el tiempo,
452,10,todo bueno,
453,10,el servicio es excelente,
454,10,excelente por parte del asesor fernando,
455,10,"todo muy bien ,buena atencion",
456,10,"nada,todo bien",
457,10,"no,todo bien",
458,10,execelente servicio,
459,10,"ninguno,todo bien",
460,10,"todo esta bien,buen servicio",
461,9,actualizar los vostos en la pagina,
462,10,"todo bien,excelente agil y rapido",
463,10,muchas gracias,
464,10,"no,todo excelente",
465,10,para mi estuve muy atendida y al atencion de fernando muy bien,
466,10,todo esta perfecto,
467,9,"del servicio ningun comentario,con el asesor todo perfecto",
468,10,solo un poco mas de seguimiento,
469,8,"el asesor deberia de presentarse,buen servicio,",
470,10,todos son muy atentos y nos queja de eso.,
471,9,"todo bien,nunca he tenido ningun problema",
472,7,"al momento de hacer la cita todo bien,pero la actitud de mi asesor no me agrado parece que me esta reganando",
473,10,siempre he tenido buena atencion por parte de ustedes,
474,9,"todo bien,solo la hora de entrega ser mas puntuales",
475,7,subieron muchos los precios,
476,6,tiempos de recepcion y entrega,
477,10,el buen trato al cliente,
478,10,me atendieron en tiempo y forma muy bien,
479,10,el servicio muy bueno,
480,10,ampliar el horario de recepcion para el servicio,
481,10,"todo muy bien,solo tener un registro de los servicios que ya estan pagados.",
482,10,"amabilidad, tiempo de servicio",
483,9,el proceso de facturacion me hizo realizar dos veces la fila en la caja principal de pago,
484,6,falta comunicacion tengo que estar preguntando,
485,10,mantener la puntualidad,
486,8,solo corregir la plataforma de aviso de termino de servicio,
487,10,"no,esta bien",
488,10,bajar los precios,
489,9,atencion al cliente,
490,10,buena,
491,10,todo muy positivo,
492,10,todo muy bien excelente servicio como siempre,
493,10,no tengo queja me recibieron a buen tiempo,
494,9,me reservo,
495,8,un poco tardada la entrega,
496,6,preguntar a fernanda sobre los conarios del cliente,
497,6,califica por hyp en cuanto a servicio todo bien,
498,8,estaria genial q tuvieran servicio de pasar por la unidad al domicilio,
499,6,el carro me lo entregan en 5minutospero pagar mas de media horatres cajas una para ricos y dos para mortales los cajeros parecen burocratas,
500,6,"pues no te alegres porque me pusieron otros tapetes mas viejos que los mios, como reclamo?",
501,8,en la entrega no dan detalles de lo que se realizo ni oportunidad de resolver dudas del servicio y dejaron el interior del carro lleno de producto grasoso,
502,6,"le entregaron la unidad con un golpe en la parte trasera y no le notificaron, se dio cuenta hasta que llego a su domicilio/ pide estatus de otra unidad que tiene pendiente por motor",
503,8,"no hubo seguimiento, no fueron proactivos",
504,10,les doy un 10,
505,6,"buena atencion, noquiere dar mas comentarios referente a su calificacion",
506,8,"tener mas disponibilidad de citas y concretar rapido la cita, se tardaban mucho para confirmarla",
507,10,"todo muy bien, solo tiene pendiente una cortesia por parte de ventas y pide se le haga valida",
508,10,muy buena la atencion de su consultora,
509,8,los tiempos de respuesta de diagnostico,
510,6,"el trato es excelente pero la unidad sigue presentando la misma fuga a pesar de haberse realizado 3 reparaciones, y le entregaron la unidad con rayones",
511,8,la unidad sigue en el distribuidor,
512,6,seguimiento con el cliente y no responden telefonos,
513,8,"la limpieza premium en estas dos ultimas ocasiones notamos que no a sido buena, los vidrios estan sucios de la parte de arriba y los botones de la parte del tablero se ven con polvo y mugre",
514,10,contesto la encuesta,
515,6,la asesora que me atendio no le dio seguimiento a mi cotizacion,
516,8,"lavado pendiente, la unidad de esta deteriorando y no le hicieron valida la garantia",
517,6,estuvo regular porque tuve que pagar para que me dejaran bien mi carro y tardan muchisimo tiempo para una reparacion . dos meses estubo mi carro adentro por una reparacion sencilla porque no fue un golpe muy fuerte.,
518,6,"l recepcionar mi de mi vehiculo la persona que me recibio no dio el saludo, no me dio su nombre",
519,10,"no tengo ninguna queja. por el contrario, desde la atencion por parte del personal, hasta la puntualidad con la que se dirigio a mi el agente eduardo arroyo en todo momento para resolver todas mis dudas, la experiencia es sumamente satisfactoria",
520,6,jamas regresaria ahi prefiero ir con otro concesionario ya que jamas se comunican y cuando uno quiere hablar jamas hay quien atienda la llamada,
521,10,"todo bien, no le han enviado su cotizacion del deflector de calor",
522,10,todo bien en el servicio pero la unidad esta nuevamente en el distribuidor,
523,8,entiende la saturacon pero la entrega fue tardada,
524,6,trae encendido el testigo de neumaticos,
525,10,ya habia contestado otra encuesta en donde di la mejor calificacion,
526,10,reconoci y felicito el trabajo del asesor,
527,8,mas cominicacion,
528,6,el asesor muy muy amable pero el servicio de la agencia es muy muy malo. ninguna agencia toma 5 dias de diagnostico solo ustedes. las agencias chevrolet todas con un servicio muy lento para todo.,
529,6,son unos rateros,
530,6,con el distribuidor 8,
531,6,"no hay hostess, ni ofrecen amenidades como en nissan, no tienen lineamiento ni indicacion por atender al cliente, cita 9:30, observa en el ultimo sillon un cabello en el piso y a las 3:45pm vuelve a estar ahi, la de vigilancia de color caqui, una senorita de color negro y una persona ma en la entrada platicando, en el puesto de cafe hay muchos trabajadores, deberian retirar al del cafe de ahi, una persona mas ofreciendo sus productos a los trabajadores, habia una lata en su unidad, era de el pero no la retiraron en el lavado, una srta mostrando unas esferas luminosas distrayendo a los trabajadores, no le explicaron correctamente la rotacion de ruedas, lo que le da a entender que no saben como se hace",
532,6,"revisando el detalle facturado, me cobraron cosas que yo no pedi y que el que me atendio me dijo que eran gratis, me refiero al lavado y ceramico",
533,8,"la eficiencia en la reparacion de fallas reportadas, para que no tenga que regresar 2 o 3 veces por el mismo problema",
534,10,todo bien excelente atencion,
535,10,la calidad del servicio,
536,10,es muy buen servicio,
537,10,"no,estuvo bien muy a gusto",
538,10,muy buen servicio excelente,
539,10,esta ocasion muy excesivo la informacion para servicio .pero todo bien,
540,9,solo en la entrada se hace mucha fila,
541,10,"nada, todo bien",
542,10,es la segunda vez que vengo y todo correcto,
543,10,muy eficiente,
544,9,ser mas informativos con el cliente dar mas seguimiento,
545,10,me atendio excelente la srta. monserrat,
546,10,"hasta ahorita todo bien, excelente",
547,10,"todo bien,solo ser mas puntuales al recibir la cita",
548,10,me han atendido muy bien desde la primera vez,
549,10,no estuvo excelente el servicio,
550,10,"no, ningun todo bien",
551,10,"no,muy buena atencion",
552,10,siempre he venido aqui con ustedes todo bien,
553,10,"por parte del asesor , excelente atencion",
554,10,"no,esta todo muy bien",
555,10,no todo perfecto,
556,10,quede satisfecho,
557,10,no ninguna todo bien,
558,10,"no,todo muy cumplido",
559,10,mumiy buen servicio en todo.,
560,10,"nada,todo muy bien",
561,10,no todo esta muy bien,
562,10,nos atendieron muy bien,
563,9,"muy bien , gracias",
564,10,"solo es chico de la caja muy grosero ,lo demas muy bien",
565,10,muy puntuales,
566,10,"todo estuvo perfecto,esta muy bien",
567,10,siempre me atienden muy bien,
568,10,"muy buena siempre me atiende bien,no me agrado el lavado",
569,10,muy bueno el trabajo,
570,10,"no,todo muy bien puntuales y mucha comunicacion",
571,10,excelente servicio muy rapido,
572,6,muy tardado el tiempo de entrega y el lavado muy mal lavado,
573,9,los tiempos de respuesta de las refacciones,
574,9,"nunca contestan cuando llamo al area de servicio,excelente atencion de mi asesora",
575,10,todos fueron muy amables y rapido,
576,10,atencion excelente y muy rapido mi solucion,
577,10,la atencion y la comunicacion,
578,10,"no ,esta todo hien",
579,9,una sala de espera mas amplia y mas amenidades,
580,10,caja mas eficiente,
581,10,buena atencion y puntualidad,
582,10,deberian checar mas las garantias de lo demas todo bien,
583,10,solo mejorar los tiempos de refacciones ya que son muy tardado. de ahi en fuera todo bien,
584,10,solo la puntualidad al recibir,
585,9,"de mi asesor todo bien,solo me sorprende el incremento de precios",
586,10,un servicio excelente,
587,10,muy buena la atencion de mi asesor segundo contacto 5663982289,
588,7,"muy tardado el diagnostico,el asesor todo bien ,solo las circunstancias de la reparacion",
589,10,atencion maravillosa,
590,10,"todo excelente, todo perfecto",
591,10,fue rapida la atencion,
592,10,"todo muy bien,solo el cajero demasiado grosero",
593,9,"esta ocasion estuvo bien todo, no como la vez pasada",
594,9,"solo aclarar bien los costos de servicios , muy bien con el asesor",
595,10,"no,todo esta bien",
596,10,siempre me atiende de bien,
597,10,giovani excelent3 servicio,
598,0,"en general la actitud de servicio es muy grosera,no son eficientes,pesima experiencia",
599,10,estan correcto,
600,10,no todo me parecio perfecto,
601,10,el cumplimiento de los plazos,
602,10,todo esta excelente,
603,8,los tiempos de entrega ser menos tardios y pedi corregir mi placa y no lo hicieron,
604,10,"no, todo bien",
605,10,"ninguna, toda bien",
606,9,"solo el tiempo de entrega de la refaccion,en general muy buena atencion",
607,5,tiempo de atencion citan a una hora y no atienden en tiempo,
608,10,todos son muy amables. felicitaciones por sus atenciones,
609,8,"ninguna, no quiso proporcionar num celular",
610,9,falta un poco mas de contacto con el cliente por parte del asesor ni el saludos lo dio.,
611,8,"todo bien,",
612,10,cada vez lo estan haciendo mejor,
613,8,tiempos de entrega mas cortos.,
614,10,"ningu a,excelente atencion",
615,10,es mi primera vez y estoy satisfecho,
616,10,es muy buena la atencion,
617,10,solo los msj automaticos no son necesarios si las unidades no estan listas,
618,10,"no,esta muy bien servicio",
619,10,muy buena la atencion,
620,10,muy buenos atencion,
621,10,"la atencion es buena,lo malo es agendar no se podia iba de extension en extension y tuve que contactar a mi vendedor.",
622,9,me hicieron esperar para la entrega,
623,10,"nada,todo es excelente",
624,10,solo explicar mas los pagos que se realizan,
625,10,al momento de entrega ser mas rapida,
626,9,solo la entrega ser mas agil,
627,9,todo muy bien con la asesora,
628,9,muy bien todo,
629,8,porque pregunte dudas y no resolvieron y yo tenia que pedir seguimiento,
630,9,"hasta el momento estaba bien,solomque espere mucho para la entrega por el lavado",
631,10,super agradecida por que la entrega fue a tiempo,
632,9,todo esta muy bien y sobre el producto solo que fuera menos pesada o pudieran un motor mas grande,
633,9,un poco mas de comunicacion con el asesor para entrega y trabajos,
634,10,todo maravilloso como siempre,
635,10,"todo bien con yaz , buena atencion",
636,10,"todo muy bien, gracias",
637,10,no por el momento,
638,10,"que sigan asi con el servicio,muy atentos",
639,10,"todo es excelente,continuen en esa linea",
640,10,faltan mas sillas para sala de espera,
641,8,"todo bien,solo que no cuentan con filtro y el sistema no te deja autorizar",
642,10,"solo la confusion de la cita,tener mas cuidado con eso",
643,9,solo ser mas personalizados,
644,10,"ninguno,muy bien todo",
645,6,"a surman no recomiendo, pero la atencion de yazareth y el servicio estuvo muy bien",
646,10,execelente atencion,
647,10,todo va bien,
648,10,la senora siempre me mantuvo informada del estatus de mi unidad,
649,10,siempre me han tratado muy bien,
650,10,"todo bien, excelente servicio y atencion de mi asesor",
651,0,pesimo servicio,
652,7,por el tiempo de espera para la entrega,
653,10,"todo muy bien, me mantuvo al tanto de mi unidad y adicionales",
654,9,"es buena la atencion,solo en caja se tardan mucho",
655,10,"no,todo estuvo muy bien",
656,10,"nada, excelente atencion",
657,10,"solo que se tardan en recibir,de lo demas todo bien",
658,8,ser mas rapidos,
659,1,"les hace falta mucho en la atencion,limpieza de unidad y horario de recepcion muy tardio.",
660,10,"no,ninguno",
661,10,"ninguno, todo bien",
662,9,"la entrega muy tardada ,espere media hora, solo que sea mas rapida",
663,10,muy buena atencion por parte de eduardo arroyo,
664,10,"todo muy bien,muy amables",
665,10,eduardo arroyo muy bien su atencion es excelente.,
666,4,"me tardaron mucho para la entrega me citaron 4:00 y son las 6 se equivocan al dar los documentos,pesimo servicio",
667,9,"todo excelente, solo para la entrega muy tardado",
668,9,estuvo bien todo,
669,5,"todo bien, solo me entregaron mi unidad con un rayon",
670,9,"todo bien,solo el costo hasta muy alto",
671,6,"estuvo bien,solo no me gusto que marcara que los frenos no eran originales,eso me hizo dudar,la atencion muy bien",
672,8,la promesa de entrega muy tardado,
673,10,estoy conforme,
674,10,la puntualidad para la entrega nada mas y coordinacion en costos de servicio,
675,10,esta bien todo,
676,10,los precios se estan en careciendo mucho,
677,10,"muy linda mi asesora,todo bien con ella",
678,9,"solo el tiempo de espera,tener mas comunicacion con el cliente",
679,7,la asesora me atendio tarde y en la entrega tambien se tardo y me entrego unidad sin lavar,
680,10,me atendieron muy bien,
681,9,todo muy bien con mi asesora,
682,10,"todo bien,revisan bien la unidad te tienen informado de lo que necesita la unidad",
683,10,todo bien.,
684,9,nos piden llegar temprano y se tardan en atender cuanto uno llega,
685,8,"son muy incincivos, al principio muy serio mi asesor despues ya no bien la atencion",
686,10,solo falto proporcionar el numero celular del asesor.,
687,10,la atencion en caja es pesima,
688,10,"todo muy bien,solo tarda mucho el servicio de colocacion de piezas",
689,10,me asesoraron del servicio todo muy bien,
690,9,"solo el tiempo de entrega,no salin",
691,10,"la realidad,todo esta muy bien",
692,10,"nada qie mejorar, todo muy bien",
693,8,"bien,solo que tardaron en recibirme",
694,10,todos muy bien y atentos,
695,6,solicita factura y falta de seguimiento de su consultora yazareth,
696,0,"mala atencion por parte de control de calidad, fue muy grosera",
697,6,"no muetran las piezas que cambian, tardan muchos dias en diagnostico",
698,6,de gm no reconmdaria nada,
699,8,agilisar el resivo de las unidads creo nos ayudaria mucho,
700,8,entregas mas agiles,
701,0,"reporta golpes en carroceria, faro roto y vestiduras sucias",
702,8,el tiempo de respuesta de los mensajes,
703,10,comenta que su unidad sigue presentando la misma falla por la que ingreso al distribuidor,
704,8,mejor calidad del producto/ el servicio y el personal 10,
705,9,no tardar tanto en enviar presupuestos,
706,0,se me hace absurdo que pague mas de 14 mil pesos en un servicio y (paquete premium) y la unidad me la hayan entregado demasiado sucia (juan zarate ),
707,0,"no tiene comentarios pero es observacion, no enviar mensajes de que el auto ya esta listo si aun no lo pueden entregar",
708,10,la unidad quedo grasosa de los interiores (luis fernando),
709,9,solo 9 no tiene comentarios,
710,8,"ya estaba en camino y le dijeron que la unidad aun no estaba lista, le entregaron despues de la hora acordada",
711,8,no hacer presupuestos tan inflados de reparaciones que ademas no urgen,
712,8,tardaron en entregarle la unidad,
713,10,"todo bien en el servicio, tiene pendientes sus placas",
714,8,sugiere agregar fotos de ras refacciones remmplazadas como prueba de que si le colocaron nuevas piezas,
715,10,todo bien pero la mano de obra es muy cara,
716,8,en su segunda visita todo mejoro y califica con10,
717,10,muy recomendable el servicio sobre todo la atencion del valet es muy comodo enviar los autos asi.,
718,0,nunca me contestaron el telefono,
719,8,por la noche ese mismo dia me empezo a fallar la direccion... una muy desafortunada coincidencia üòê,
720,8,"tuvieron que regresar porque la unidad seguia sacando humo del escape, regreso al distribuidor y lo repararon",
721,10,todo estuvo en orden,
722,10,confirma calificacion de 10 aunque le hes molesto que le llamen para hacer otra encuesta,
723,10,todo salio bien,
724,6,reporta retrovisor roto,
725,10,"solo dejaria como observacion que no sellaron mi poliza el dia de mi servicio, me la sellaron el dia de hoy. y respecto al lavado, es la segunda vez y no esta bien lavado, ademas de que los asientos no los dejan como cuando ingreso la unidad (admon. lavador))",
726,6,le querian cobrar mas sin haber autorizado,
727,8,"el lavado de cortesia, pienso que deberia ser mejor (admon lavador)",
728,10,en el ultimo servicio si los recomiendo pero en el anterior del 05 de abril me quedo con una sensacion de que no se le da el seguimiento adecuado,
729,6,"mal trato por parte del personal, tardaron en recibir la unidad, el vehiculo estaba sucio por dentro (juan zarate )",
730,6,comenta que lo atendieron tarde y le quisieron vender algo que no necesitab a,
731,10,todo esta bien hasta el momento,
732,0,lo mensione en la encuesta de la.agencia,
733,9,cajas mas eficientes y solicita factura,
734,8,no le mostraron el servicio realizado ni revisaron las cosas que reporto,
735,8,comenta que tuvo inconveniente con el lavado que se realizo y ya lo reporto con alguien mas (luis fernando),
736,10,"excelente por hoy,siempre son muy atentos y amables",
737,10,"todo bien,todo perfecto",
738,10,toda esta perfecto,
739,10,es muy linda mi asesora,
740,10,"el servicio todo bien,solo que no pudieron hacer mi estetica interior",
741,9,es muy repetitivo estar brindando nuestros datos y los costos esta muy caro,
742,8,el tiempo de entrega respetarlo.y brindar mejor la informacion sobre lo que requiere unidad,
743,10,"ninguno,todo muy bien",
744,8,tiempo de entrega muy largo,
745,10,todo es muy bueno,
746,9,un poco mas de comunicacion,
747,10,muy agradecido por la atencion de fernando y de todos,
748,9,"todo muy bien como siempre, solo esta ocasion me entregaron mi unidad con un pequeno golpe.",
749,5,"mucho tiempo sin retroalimentacion por parte del asesor,amables pero no hay comunicacion",
750,10,siempre pido la primera cita y siempre llega tarde la persona que me atendera,
751,9,esta bien la atencion,
752,10,todo bastante bien,
753,3,ser mas claro en la informacion de los costos y que deshabiliten las opciones de servicio ya que no lo dirigen a donde uno quiere,
754,4,"la asistencia de mi asesor buena,el tiempo del trabajo muy extenso",
755,10,me cumplieron en tiempo y forma,
756,10,"ninguna ,todo bien",
757,10,hacer una cita por telefono es complicado,
758,8,por que no pasaron el escaner porque quieren mas dinero con sus diagnosticos de 3 dias,
759,8,"todo muy bien,solo mas comunicacion con el cliente",
760,10,todo muy bien gracia,
761,10,atencion increible especifica clara y supieron escuchar mis puntos del auto,
762,9,"todo esta perfecto,solo los tiempos de entrega",
763,9,la entrega es muy tardada,
764,7,"todo bien con la asesora,solo que la entrega se demoro muchisimo",
765,1,falta de comunicacion para recoger unidad,
766,9,la atencion mejoro muchisimo al cambio de personal,
767,10,"el sr arroyo muy profesional, cumplio en tiempo y forma",
768,6,"muy mal servicio,nadie me atiende",
769,1,el lavado de carroceria es horrible,
770,10,muy buena su atencion,
771,10,muy bueno y rapido,
772,10,bien todo bien,
773,9,"todo bien,solo que me entregaron unidad con un rayon",
774,8,solo mayor comunicacion y mayor compromiso con los tiempo de entrega,
775,10,excelente servicio en todo,
776,10,muy bueno,
777,10,buenisimo mi asesor eduardo muy rapido,
778,10,su atencion fue rapida,
779,8,"todo bien,solo mas rapidez en la entrega",
780,9,me cambiaron horario de entrega pero todo bien,
781,9,"la atencion fue muy buena,solo lo que me estan queriendo cobrar por los adicionales esta muy excesivo",
782,10,en esta ocasion excelente,
783,10,"excelente trabajo, solo el tiempo de entrega",
784,10,"muy bien, excelente",
785,10,siempre es excelente,
786,8,fue tardia la entrega,
787,10,bastante buena,
788,10,mejora desde mi ultima vista,
789,10,"todo muy bien,gracias",
790,10,"bien,todo bien",
791,1,"que sean mas cumplidos, respondan y expliquen que tiene y que no tiene garantia",
792,10,siempre ha sido muy rapido y amable mi asesor,
793,10,bien hasta el momento,
794,10,buenos precios,
795,8,mandarme las fotos de las reparaciones despues de la autorizacion,
796,1,"excesivo tiempo para cotizacion y reparacion ,asi como en el cobro 25 min para pagar. el asesor muy bien",
797,10,me atendieron bien y fue rapido,
798,10,la atencion es muy buena son atentos y muy amables,
799,9,"todo bien ,buena atencion",
800,10,una atencion muy buena muy atentos todos,
801,10,"excelente, cotizacion esta bien solo m.o muy alto",
802,10,vamos bien,
803,10,si me atendieron muy bien,
804,5,"el servicio deja mucho que desear, es muy malo.",
805,10,execelente,
806,9,"todo muy bien ,es mi primer servicio todo en tiempo y forma",
807,10,todo al 100,
808,9,lo unico es que me llego un msj de gm que la unidad no estaba lista cuando llame me dijeron que no,
809,10,"mantenerse en contacto para saber como va el servicio, desinformacion en llamada y whatsapp",
810,9,la espera en el cajero,
811,10,no lo lavaron al 100% como le dijeron,
812,10,cita en linea,
813,6,no le contestan en servicio,
814,10,bien trabajado,
815,9,mas rapidez en el servicio,
816,9,tood muy bien,
817,10,aguarda,
818,6,"servicio deja mucho que desear, no hay seguimiento, no va a regresar",
819,10,todo muy bien y excelente atencion,
820,10,"todo bien ,puntualidad y velocidad",
821,8,cuando hable me dijeron que tenia dos campanas y cuando vine solo dijeron que una,
822,10,es buena,
823,8,"todo bien, el proceso es lento",
824,8,"su asesor esta desinformado, necesita mas informacion de garantias.",
825,9,que sigan con el servicio.,
826,10,"esta bien, no hay quejas.",
827,10,"todo bien, en orden.",
828,8,el tiempo de espera es muy tardado,
829,10,la persona que lp busco por whatsapp no le comento sobre su campana,
830,10,"todo bien, agradezco el servicio",
831,10,"todo bien, el tiempo de espera es el indicado.",
832,10,muy buen servicio.,
833,10,los asesores siempre han sido muy agradables,
834,10,excelente servicio desde que llegue,
835,10,"todo bie, solo que no me gusto que me entregaran mojado el auto",
836,10,precios altos de focos,
837,10,precios altos,
838,9,"tiempo de espera, fue mas de hora y media esperando",
839,10,"no les dieron de lo que le hicieron, o como se encuentra su carro. mas explicito.",
840,10,no hay lugar para estacionarse,
841,10,todo le han resuelto correctamente,
842,10,"todo bien, menos un pago de cargos moratoria, no han hecho la devolucion, ni me han dado respuesta.",
843,7,en el servicio no se le observo que requeria cambio de balatas y no le fijaron que requeria cambio de filtro,
844,10,esta muy caro,
845,9,mucho tiempo de espera,
846,10,"todo bien, pero hoy fue tardada la entrega.",
847,0,costos excesivos,
848,8,"se tardan mucho en las entregas, hasta 2 horas ha esperado.",
849,5,no me gusto que ni me podia comunicar con nadie,
850,8,cajas es tardado,
851,6,"mala informacion, y al final otro precio, quieren cobrar mas.",
852,2,"la atencion de la asesora fue pesima, el gerente me atendio bien hoy",
853,9,"todo esta bien, pero en caja es muy tardado o no tienen cambio.",
854,10,"esta bien todo menos caja, tardan mucho",
855,10,"todo bien, muy atento el asesor",
856,10,"en caja es mucha espera, y no le mandaron cotizacion.",
857,8,tardan las refacciones y es muy raro,
858,10,todo bien hasta el momento,
859,10,es muy lenta la caja,
860,10,"agradecida por su atencion, todo bien.",
861,10,muchos dias para lo que le hicieron,
862,9,extencion de horario en la recepcion como en la entrega,
863,10,tofo bien,
864,10,"se tardan mucho en llegar las refacciones, y afecta en el tiempo de entrega, en este caso fue de un mes.",
865,5,"no quiso compartio los codigos el asesor, es ilogico si es su camioneta. no le dieron alternativas, le quedo un sabor de boca amargo.",
866,6,cumpliendo en el horario de entrega,
867,10,deberia de haber llamadas y mensajes desde temprano.,
868,10,precios alto,
869,10,"le gustaria que la atencion en linea, se diera mas informacion",
870,4,amabilidad en cajas,
871,9,cajas son muy tardadas,
872,10,en caja fue tardado,
873,5,cliente insatisfecho por golpe a su vehiculo,
874,6,tenia la cita a las 13:30 y me atendieron a las15:30 pedi una foto de donde quitaron un fusible quedaron en mandarla en unos minutos y todavia no lo hacen,
875,9,seguir mejorando,
876,6,ya es el 3er servicio y siempre me quedan mal con el envio de mi factura y el xml.,
877,10,pendiente por entrega de placas,
878,6,reporta rayones en la unidad,
879,10,todo en orden con la unidad,
880,6,6 meses para que no dieran una refaccion que se pago de contado y no hubo ni una disculpa o compensacion. el gerente por lo mismo entonces es peor! en serio el trato es deplorable,
881,10,todo muy bien solo no le sellaron la poliza,
882,10,tiene encendido el testigo de los neumaticos,
883,10,"todo estuvo muy bien, el proceso fue rapido y agendar la cita fue muy sencillo",
884,10,confirma calificacion,
885,8,no le indicaron sus adicionales,
886,9,no le indicaron sus adicionales/,
887,6,la unidad ingreso con el check encendido y se la entregaron igual,
888,8,"hasta ahora todo bien, la atencion, los tiempos",
889,6,no le hicieron nada a ala unidad y no le explicaron por que tenia que quitarle los sensores,
890,8,5cm/ presenta un ruido solicita agendar cita,
891,9,no saturarla de mensajes ya estaba realizando el servicio y le mandaron mensaje de que agendara cita para su servicio,
892,8,mas especificos en sus costos,
893,8,"publicidad enganosa, no le hicieron vlaida una promocion",
894,6,muy informales te dicen un horario y el carro dos horas despues te lo entregan mi agente le llamas y no te responde para saber de tu unidad de verdad muy atento reo muy mala esperiencia en servicio/ 2cm,
895,6,pendiente por reparacion desde 13/05/24,
896,10,"la verdad siempre es un buen servicio y atencion , gracias",
897,6,sigue haciendo lo mismo,
898,10,"todo bien, solo entregarles una hoja en donde diga que se le realizo a la unidad, y no cambiar los precios de pagin a",
899,6,le entregaron una hora despues el servico fue muy bueno pero la atencion del consultor no fue la mejor,
900,8,comunucacion mas rapida y efectiva por parte de la asesora,
901,10,"todo bien, solicita cotizacion de sus frenos/ se pide al consultor cotizacion",
902,7,le enviaron un presupuesto y despues se lo modificaron y era mas alto/ se pide al consultor envie el presupuesto,
903,8,"pidio que la agendaran con un consultor en especial y no lo hicieron tuvo que venir al distribuidor para agendar cita, pide que no la vuelvam a poner con fernando c",
904,8,solo califica sin comentarios / 3cm,
905,0,manejan distintos precios por canales diferentes,
906,9,cumplir con los horarios de entrega,
907,8,los tiempos de atencion tardaron una semana en reponer la bateria de mi camioneta/ 5cm,
908,6,molesto por tantas encuestas,
909,6,"no quiere contestar la encuesta, pidio revisaran un ruido y no lo hicieron, todo lo hacen automatizado sin detalles",
910,8,muuuuy caro,
911,0,a parte su servicio y costo de refacciones estan fuera de toda proporcion/ 5cm,
912,6,precios muy altos y tiempos de entrega,
913,10,"todo estuo bien, solo fato mas seguimiento y confirmacion de entrega",
914,10,todo muy puntual y en orden,
915,6,"no resolvieron sus dudas, le entregaron la llave aplastada, le dieron un kit de reparacion pero eso no fue suficiente",
916,6,"mi ultima visita fue muy triste y me quede decepcionada. tus especialistas no son profesionales. ire a otro centro de servicio. cambiaron los precios del servicio, presentandome un hecho consumado.",
917,10,edurdo muy buen servicio,
918,6,"ha ingresado 3 veces la unidad y ha fallado por frenos, ingreso anteriormente en pozarica tiene varios tickets con el cac quien 4-35533536467",
919,8,"fue un servicio normal, no le gusta dar calificaciones",
920,8,tardaron mucho en llegar las piezas,
921,6,"en cunato al servicio bien, no hubo seguimiento responde el sr.oscar cuelga",
922,8,tiene otra unidad en el distribiuidor y no le han dado seguimiento,
923,10,parece que todo bien,
924,8,"no sabria que decirle, creo que en general trabajan bien, me parece que podrian tener un mejor hojalatero!",
925,8,"explicxacion del servicio , se encendio un testigo",
926,6,"tengo inconformidad porque la lleve a servicio y me hicieron un diagnostico y tambien se le hice, ahora no funciona mi turbo.",
927,6,"piden que sean puntuales para la llegada y tardan mucho en recibir, la unidad la siguen probando y no pueden decir si fue bueno el servicio",
928,6,"mejorar la comunicacion, no hay servisio de vallet",
929,10,"todo estuvo perfecto/ contesta erik, el otro numero le pertenece a su jefe/ 2cm",
930,6,envio de factura,
931,6,falta de seguimiento,
932,6,"le quisieron cobrar de mas por servicios que no necesitaba su unidad, tardaron en entregarle la unidad y no le explicaron el servicio detalladamente ni mostraron las refacciones reemplazadas",
933,6,desafortunadamente todo esto surge cuando te venden un auto y viene aparejado de informacion falsa erronea.,
934,8,cotizacion de cambio de balatas /no desea dar comentarios tal vez mas adelante lo haga,
935,6,"no saben la atencion al cliente, no hicieron nada extraordinario, solo dan atencion basica",
936,6,no continua con la llamada ni desea brindar informacion ya que su telefono lo identifico en rojo,
937,8,deberian tener mas beneficios y garantias no recomienda chevrolet,
938,10,"todo fue muy bueno, rapido y tuvieron la bateria en stock",
939,6,ingreso la unidad y ya no sirve el turbo,
940,6,fue mucho tiempo para el reemplazo de un foquito,
941,10,siempre la atienden excelente,
942,10,angel siempre ha sido una maravillosa persona y profesional.,
943,10,"que manden la constancia de situacion fiscal desde el principio, porque eso atrasa el proceso",
944,10,"todo bien, solo que no le hizo sentido que le recomendaron un liquido pata frenos",
945,9,el tiempo de espera fue demasiado,
946,10,"no,fue buena",
947,6,no le hicieron nada a la unidad,
948,10,el tiempo de espera es mucho,
949,10,"que no tienen servicio de grua, estaria bien ese servicio.",
950,10,todo ha sido muy positivo.,
951,9,"comunicacion, sin embargo todo estuvo bien hoy, me atendieron excelente.",
952,10,"todo bien, excelente servicio",
953,10,que tengan cuidado con los vehiculos porque les dan rayones,
954,10,que conserven el sistema que tienen y que lo mejoren,
955,9,"el sistema esta bien, caja es muy tardado",
956,10,"le dijeron de la bateria que la tenian en fechas diferentes, no le dieron informacion correcta.",
957,10,mantengan la puntualidad,
958,4,"informen bien y no hagan el proceso tan tardado y burocratico. no dieron seguimiento. siempre estan molestos los asesores, lo trataron pesimo, es maritimo.",
959,6,reporta rayon al momento de entrega.,
960,8,tardaron mucho en entregar la unidad,
961,10,todo muy bien y puntuales.,
962,10,"ninguno, excelente servicio",
963,10,todo muy bien.,
964,10,"la ocasion pasada que vino, no le dieron la poliza de seguida.",
965,10,bastante bien y rapido,
966,10,tiempo es demasiado,
967,8,en caja muy mala atencion. entregaron la unidad con polvo en carroceria. no recien lavada.,
968,10,"sigan siendo transparentes en la comunicacion, siempre hay seguimiento y se habla con la verdad, todo muy bien",
969,6,antes de que manden presupuesto revisen si el vehiculo tiene garantia y que no la dejen sin coche tantos dias.,
970,8,no ninguno,
971,7,cliente muy molesto por la demora en la entrega de su vehiculo,
972,10,todo esta bien.,
973,10,"que sigan haciendo bien su trabajo, te atienden bien desde que llegas",
974,10,la atencion esta genial y los tiempos super bien,
975,0,"comunicacion, el seguimiento no se le dio.",
976,10,me parecio muy bien el servicio y la atencion.,
977,10,"el proceso fue rapido, y agendar cita fue sencillo",
978,10,que siga la buena atencion,
979,9,"en los servicios no le ha ido bien, o sale con aranazos.",
980,10,"todo muy bien, estuvo muy rapido",
981,0,que le cobraron una pension que nunca le mencionaron.,
982,10,uno confia en el vendedor y no revisan las unidades y salen con detalles.,
983,9,no le dan el status del vehiculo y no le dan informacion suficiente.,
984,9,el tiempo que toma la reparacion,
985,7,"ha tenido mala experiencia en el area de servicio, y no han respondido",
986,10,"espera en la hoja de pago es tardado, seria mejor pasar directo o que la den antes.",
987,7,"se siente enganado, y molesto. porque no le resuelven dudas. desinformacion por parte de todos.",
988,6,muy impuntuales.,
989,10,tiempo de espera en entregar es demasiado,
990,10,esta contento con el servicio,
991,10,"excelente servicio, buen servicio y atencion.",
992,10,el internet no fue bueno.,
993,10,todo bien solo que las refacciones tardan mucho.,
994,10,todo estuvo de lujo,
995,10,todo correcto,
996,8,cliente molesto por tiempo de espera en la entrega de su carro,
997,8,"chatbook no coincide, que no contestan mensajes, tuvo que venir a sacar cita porque no se comunicaron con el.",
998,9,las refacciones la dieron a alguien que no debian.,
999,10,"reducir tiempos, los tiempos son excesivos",
1000,8,el tiempo de espera y no que no dan seguimiento,
1001,10,"todo muy bien, gran servicio",
1002,9,que programen los servicios bien.,
1003,10,descuentos,
1004,10,todo fue rapido,
1005,9,"mandan publicidad enganosa, no especifican que es para ciertos vehiculos. tener cuidado.",
1006,9,porque se tardan mucho,
1007,5,tiempo de espera y nula comunicacion,
1008,10,espera del diagnostico en la respuesta,
1009,10,tiempo de espera de la entrega,
1010,10,"bien, solo se tardan en recibir el auto el asesor",
1011,10,tarda un poco,
1012,10,sigan igual de amables,
1013,9,en caja no hay cambio,
1014,10,las citas le gustaria que fueran en fin de semana.,
1015,10,muy bien servicio,
1016,9,rapido y lo atendieron bien,
1017,9,no respetaron el horario de entrega.,
1018,10,ha sido genial el trato,
1019,10,le gusto la puntualidad,
1020,10,"todo estuvo excelente, solo fui yo el que se atraso",
1021,8,cliente molesto por tiempo de espera,
1022,9,otra caja para que el pago sea rapido.,
1023,5,el tiempo de espera y mala atencion del asesor,
1024,0,le hicieron pasar un pesimo dia,
1025,9,tardaron en contestar en whatsapp al hacer la cita,
1026,10,el servicio es bueno pero no estaba la pieza que necesitaba,
1027,10,un poco mas de respuesta rapida y facilidad de comunicacion via telefonica,
1028,10,no pusieron atencion que no queria concierto agente de servicio y fue el que le pusieron.,
1029,10,mas asesores y mas personal para recibir vehiculos.,
1030,10,entregan en tiempo y forma,
1031,10,"media hora de atraso, exigen la puntualidad y no la dan",
1032,9,"en la manana espero 10 minutos, debe ser puntual",
1033,10,"colocar informacion en whatsapp, verdadera.",
1034,10,satisfecho,
1035,5,"el vehiculo muestra rechino, no preguntaron nada.",
1036,10,reducir tiempos de entrega,
1037,7,es muy lento el servicio,
1038,5,servicio y refacciones carismas,
1039,8,"bajar los precios, esta demasiado caro.",
1040,10,las personas en caja son groseras,
1041,5,"todo muy complicado, falta de comunicacion, se va con una mala experiencia.",
1042,10,el servicio es genial,
1043,9,"entrega a tiempo , se tardaron en entregarle",
1044,10,"todo bien, siempre le hablan, y le dan la atencion.",
1045,9,se tardaron en realizar el servicio.,
1046,10,"que le avisen cuando ya quede, quiere seguimiento.",
1047,10,"todo bien, solo que sube el costo y no le dan explicacion.",
1048,8,mejor atencion,
1049,5,"ha tenido muchas situaciones con su vehiculo, la atencion es lenta y es muy caro.",
1050,10,"gran servicio por parte del personal, especialmente por yazaret cruz",
1051,10,la atencion es buena y el servicio es agil,
1052,10,"mejorar los tiempos, son muy tardados.",
1053,10,"mandan muchos mensajes en whatsapp, innecesarios.",
1054,10,sigan asi,
1055,8,confusion en su segunda llave del vehiculo,
1056,5,"no se dice completa la informacion, siente racismo por parte del asesor.",
1057,8,"tiempo de cotizacion, casi tres semanas. fue muy lento.",
1058,10,seguimiento mejorar.,
1059,10,"nada, si lo recomendaria mucho",
1060,7,no hubo comunicacion por un tema con un birlo,
1061,10,siempre los han atendido muy bien,
1062,10,ha estado muy bien.,
1063,5,"que le pongan interes, porque recibio vehiculo con golpe, no la revisaron correctamente.",
1064,8,"en caja no son amables y no son amables, en servicio todo bien.",
1065,10,"en la pagina, marcan al numero, no contesta nadie. ni el asesor fernando.",
1066,10,"la cita no la registraron, que tengan mas cuidado",
1067,10,muy profesionales,
1068,10,me gusto,
1069,9,lo atendieron muy bien,
1070,6,nula comunicacion por parte del asesor.,
1071,8,que tengan refacciones.,
1072,10,esta muy contento de traer su camioneta aqui,
1073,10,todo sin problema.,
1074,10,muy atentos todos,
1075,9,"todo bien ,solo tardaron mucho las piezas",
1076,10,"ninguno, fueron muy amables",
1077,7,"los costos son excesivos, son servicios que no necesita el auto. parece una broma.",
1078,10,que sean mas rapidos al recepcionar el vehiculo,
1079,10,nunca esta el personal de caja.,
1080,10,excelente trato al cliente,
1081,10,tuvo un gran servicio,
1082,10,el tiempo de servicio es muchisimo,
1083,10,muy rapido todo,
1084,10,siempre bien,
1085,10,pues bien hasta ahorita,
1086,10,"muy bien, solucionaron mi problema",
1087,10,caja fue tardado porque estaban jugando,
